time,user,uj,step,cycle,error type,error cause,cause message/ddi
2018-01-29 01:46:29,0009,Open and Assign CM WO as Supervisor,Select WO,0,500,500,
2018-01-29 02:57:04,0009,Open and Assign CM WO as Supervisor,Save,46,Success Validation Failure,operation resulted in a table with zero rows,searchterm: Record has been saved.
2018-01-29 04:01:16,0009,Open and Assign CM WO as Supervisor,Save,88,Success Validation Failure,Warning Message,BMXAA8229W - Record WORKORDER :  Site=WW Work Orde...
2018-01-29 04:56:36,0009,Open and Assign CM WO as Supervisor,Save,126,Success Validation Failure,Warning Message,BMXAA8229W - Record WORKORDER :  Site=WW Work Orde...
2018-01-29 05:11:33,0009,Open and Assign CM WO as Supervisor,Save,136,Success Validation Failure,Warning Message,BMXAA8229W - Record WORKORDER :  Site=WW Work Orde...
2018-01-29 05:31:07,0009,Open and Assign CM WO as Supervisor,Save,150,Success Validation Failure,Warning Message,BMXAA8229W - Record WORKORDER :  Site=WW Work Orde...
2018-01-29 05:58:38,0009,Open and Assign CM WO as Supervisor,Save,169,Success Validation Failure,Warning Message,BMXAA8229W - Record WORKORDER :  Site=WW Work Orde...
2018-01-29 06:10:28,0009,Open and Assign CM WO as Supervisor,Save,177,Success Validation Failure,Warning Message,BMXAA8229W - Record WORKORDER :  Site=WW Work Orde...
2018-01-29 06:11:47,0009,Open and Assign CM WO as Supervisor,Save,178,Success Validation Failure,Warning Message,BMXAA8229W - Record WORKORDER :  Site=WW Work Orde...
2018-01-29 06:16:31,0009,Open and Assign CM WO as Supervisor,Select WO,182,Success Validation Failure,Critical Message,BMXAA4214E - An unknown error has occurred.Please ...
2018-01-29 06:17:22,0009,Open and Assign CM WO as Supervisor,Select WO,183,Success Validation Failure,Critical Message,BMXAA4214E - An unknown error has occurred.Please ...
2018-01-29 06:21:21,0009,Open and Assign CM WO as Supervisor,Save,186,Success Validation Failure,Warning Message,BMXAA8229W - Record WORKORDER :  Site=WW Work Orde...
2018-01-29 06:22:42,0009,Open and Assign CM WO as Supervisor,Save,187,Success Validation Failure,Warning Message,BMXAA8229W - Record WORKORDER :  Site=WW Work Orde...
2018-01-29 06:24:04,0009,Open and Assign CM WO as Supervisor,Save,188,Success Validation Failure,Warning Message,BMXAA8229W - Record WORKORDER :  Site=WW Work Orde...
2018-01-29 06:25:15,0009,Open and Assign CM WO as Supervisor,Save,189,Success Validation Failure,Warning Message,BMXAA8229W - Record WORKORDER :  Site=WW Work Orde...
2018-01-29 06:26:41,0009,Open and Assign CM WO as Supervisor,Save,190,Success Validation Failure,Warning Message,BMXAA8229W - Record WORKORDER :  Site=WW Work Orde...
2018-01-29 06:34:15,0009,Open and Assign CM WO as Supervisor,Select WO,196,Response DD Extraction Failure,Response DD Extraction Failure,Open and Assign CM WO as Supervisor ID 3
2018-01-29 06:34:44,0009,Open and Assign CM WO as Supervisor,Select WO,197,Response DD Extraction Failure,Response DD Extraction Failure,Open and Assign CM WO as Supervisor ID 3
2018-01-29 06:35:24,0009,Open and Assign CM WO as Supervisor,Select WO,198,Response DD Extraction Failure,Response DD Extraction Failure,Open and Assign CM WO as Supervisor ID 3
2018-01-29 06:35:51,0009,Open and Assign CM WO as Supervisor,Select WO,199,Response DD Extraction Failure,Response DD Extraction Failure,Open and Assign CM WO as Supervisor ID 3
2018-01-29 06:36:24,0009,Open and Assign CM WO as Supervisor,Select WO,200,Response DD Extraction Failure,Response DD Extraction Failure,Open and Assign CM WO as Supervisor ID 3
2018-01-29 06:37:05,0009,Open and Assign CM WO as Supervisor,Select WO,201,Response DD Extraction Failure,Response DD Extraction Failure,Open and Assign CM WO as Supervisor ID 3
2018-01-29 06:37:38,0009,Open and Assign CM WO as Supervisor,Select WO,202,Response DD Extraction Failure,Response DD Extraction Failure,Open and Assign CM WO as Supervisor ID 3
2018-01-29 06:38:12,0009,Open and Assign CM WO as Supervisor,Select WO,203,Response DD Extraction Failure,Response DD Extraction Failure,Open and Assign CM WO as Supervisor ID 3
2018-01-29 06:38:52,0009,Open and Assign CM WO as Supervisor,Select WO,204,Response DD Extraction Failure,Response DD Extraction Failure,Open and Assign CM WO as Supervisor ID 3
2018-01-29 06:39:32,0009,Open and Assign CM WO as Supervisor,Select WO,205,Response DD Extraction Failure,Response DD Extraction Failure,Open and Assign CM WO as Supervisor ID 3
2018-01-29 06:40:02,0009,Open and Assign CM WO as Supervisor,Select WO,206,Response DD Extraction Failure,Response DD Extraction Failure,Open and Assign CM WO as Supervisor ID 3
2018-01-29 06:40:37,0009,Open and Assign CM WO as Supervisor,Select WO,207,Response DD Extraction Failure,Response DD Extraction Failure,Open and Assign CM WO as Supervisor ID 3
2018-01-29 06:41:09,0009,Open and Assign CM WO as Supervisor,Select WO,208,Response DD Extraction Failure,Response DD Extraction Failure,Open and Assign CM WO as Supervisor ID 3
2018-01-29 06:41:42,0009,Open and Assign CM WO as Supervisor,Select WO,209,Response DD Extraction Failure,Response DD Extraction Failure,Open and Assign CM WO as Supervisor ID 3
2018-01-29 06:42:11,0009,Open and Assign CM WO as Supervisor,Select WO,210,Response DD Extraction Failure,Response DD Extraction Failure,Open and Assign CM WO as Supervisor ID 3
2018-01-29 06:42:57,0009,Open and Assign CM WO as Supervisor,Select WO,211,Response DD Extraction Failure,Response DD Extraction Failure,Open and Assign CM WO as Supervisor ID 3
2018-01-29 06:43:35,0009,Open and Assign CM WO as Supervisor,Select WO,212,Response DD Extraction Failure,Response DD Extraction Failure,Open and Assign CM WO as Supervisor ID 3
2018-01-29 06:44:19,0009,Open and Assign CM WO as Supervisor,Select WO,213,Response DD Extraction Failure,Response DD Extraction Failure,Open and Assign CM WO as Supervisor ID 3
2018-01-29 06:44:49,0009,Open and Assign CM WO as Supervisor,Select WO,214,Response DD Extraction Failure,Response DD Extraction Failure,Open and Assign CM WO as Supervisor ID 3
2018-01-29 06:45:27,0009,Open and Assign CM WO as Supervisor,Select WO,215,Response DD Extraction Failure,Response DD Extraction Failure,Open and Assign CM WO as Supervisor ID 3
2018-01-29 06:46:00,0009,Open and Assign CM WO as Supervisor,Select WO,216,Response DD Extraction Failure,Response DD Extraction Failure,Open and Assign CM WO as Supervisor ID 3
2018-01-29 06:46:32,0009,Open and Assign CM WO as Supervisor,Select WO,217,Response DD Extraction Failure,Response DD Extraction Failure,Open and Assign CM WO as Supervisor ID 3
2018-01-29 06:47:05,0009,Open and Assign CM WO as Supervisor,Select WO,218,Response DD Extraction Failure,Response DD Extraction Failure,Open and Assign CM WO as Supervisor ID 3
2018-01-29 06:47:44,0009,Open and Assign CM WO as Supervisor,Select WO,219,Response DD Extraction Failure,Response DD Extraction Failure,Open and Assign CM WO as Supervisor ID 3
2018-01-29 06:48:22,0009,Open and Assign CM WO as Supervisor,Select WO,220,Response DD Extraction Failure,Response DD Extraction Failure,Open and Assign CM WO as Supervisor ID 3
2018-01-29 06:48:56,0009,Open and Assign CM WO as Supervisor,Select WO,221,Response DD Extraction Failure,Response DD Extraction Failure,Open and Assign CM WO as Supervisor ID 3
2018-01-29 06:49:35,0009,Open and Assign CM WO as Supervisor,Select WO,222,Response DD Extraction Failure,Response DD Extraction Failure,Open and Assign CM WO as Supervisor ID 3
2018-01-29 06:50:13,0009,Open and Assign CM WO as Supervisor,Select WO,223,Response DD Extraction Failure,Response DD Extraction Failure,Open and Assign CM WO as Supervisor ID 3
2018-01-29 06:50:40,0009,Open and Assign CM WO as Supervisor,Select WO,224,Response DD Extraction Failure,Response DD Extraction Failure,Open and Assign CM WO as Supervisor ID 3
2018-01-29 06:51:14,0009,Open and Assign CM WO as Supervisor,Select WO,225,Response DD Extraction Failure,Response DD Extraction Failure,Open and Assign CM WO as Supervisor ID 3
2018-01-29 06:51:44,0009,Open and Assign CM WO as Supervisor,Select WO,226,Response DD Extraction Failure,Response DD Extraction Failure,Open and Assign CM WO as Supervisor ID 3
2018-01-29 06:52:17,0009,Open and Assign CM WO as Supervisor,Select WO,227,Response DD Extraction Failure,Response DD Extraction Failure,Open and Assign CM WO as Supervisor ID 3
2018-01-29 06:53:00,0009,Open and Assign CM WO as Supervisor,Select WO,228,Response DD Extraction Failure,Response DD Extraction Failure,Open and Assign CM WO as Supervisor ID 3
2018-01-29 06:53:33,0009,Open and Assign CM WO as Supervisor,Select WO,229,Response DD Extraction Failure,Response DD Extraction Failure,Open and Assign CM WO as Supervisor ID 3
2018-01-29 06:54:13,0009,Open and Assign CM WO as Supervisor,Select WO,230,Response DD Extraction Failure,Response DD Extraction Failure,Open and Assign CM WO as Supervisor ID 3
2018-01-29 06:54:51,0009,Open and Assign CM WO as Supervisor,Select WO,231,Response DD Extraction Failure,Response DD Extraction Failure,Open and Assign CM WO as Supervisor ID 3
2018-01-29 06:55:29,0009,Open and Assign CM WO as Supervisor,Select WO,232,Response DD Extraction Failure,Response DD Extraction Failure,Open and Assign CM WO as Supervisor ID 3
2018-01-29 06:56:07,0009,Open and Assign CM WO as Supervisor,Select WO,233,Response DD Extraction Failure,Response DD Extraction Failure,Open and Assign CM WO as Supervisor ID 3
2018-01-29 06:56:36,0009,Open and Assign CM WO as Supervisor,Select WO,234,Response DD Extraction Failure,Response DD Extraction Failure,Open and Assign CM WO as Supervisor ID 3
2018-01-29 06:57:18,0009,Open and Assign CM WO as Supervisor,Select WO,235,Response DD Extraction Failure,Response DD Extraction Failure,Open and Assign CM WO as Supervisor ID 3
2018-01-29 06:57:46,0009,Open and Assign CM WO as Supervisor,Select WO,236,Response DD Extraction Failure,Response DD Extraction Failure,Open and Assign CM WO as Supervisor ID 3
2018-01-29 06:58:21,0009,Open and Assign CM WO as Supervisor,Select WO,237,Response DD Extraction Failure,Response DD Extraction Failure,Open and Assign CM WO as Supervisor ID 3
2018-01-29 06:59:00,0009,Open and Assign CM WO as Supervisor,Select WO,238,Response DD Extraction Failure,Response DD Extraction Failure,Open and Assign CM WO as Supervisor ID 3
2018-01-29 06:59:35,0009,Open and Assign CM WO as Supervisor,Select WO,239,Response DD Extraction Failure,Response DD Extraction Failure,Open and Assign CM WO as Supervisor ID 3
2018-01-29 07:00:14,0009,Open and Assign CM WO as Supervisor,Select WO,240,Response DD Extraction Failure,Response DD Extraction Failure,Open and Assign CM WO as Supervisor ID 3
2018-01-29 07:00:47,0009,Open and Assign CM WO as Supervisor,Select WO,241,Response DD Extraction Failure,Response DD Extraction Failure,Open and Assign CM WO as Supervisor ID 3
2018-01-29 07:01:22,0009,Open and Assign CM WO as Supervisor,Select WO,242,Response DD Extraction Failure,Response DD Extraction Failure,Open and Assign CM WO as Supervisor ID 3
2018-01-29 07:02:04,0009,Open and Assign CM WO as Supervisor,Select WO,243,Response DD Extraction Failure,Response DD Extraction Failure,Open and Assign CM WO as Supervisor ID 3
2018-01-29 07:02:32,0009,Open and Assign CM WO as Supervisor,Select WO,244,Response DD Extraction Failure,Response DD Extraction Failure,Open and Assign CM WO as Supervisor ID 3
2018-01-29 07:03:08,0009,Open and Assign CM WO as Supervisor,Select WO,245,Response DD Extraction Failure,Response DD Extraction Failure,Open and Assign CM WO as Supervisor ID 3
2018-01-29 07:03:48,0009,Open and Assign CM WO as Supervisor,Select WO,246,Response DD Extraction Failure,Response DD Extraction Failure,Open and Assign CM WO as Supervisor ID 3
2018-01-29 07:04:16,0009,Open and Assign CM WO as Supervisor,Select WO,247,Response DD Extraction Failure,Response DD Extraction Failure,Open and Assign CM WO as Supervisor ID 3
2018-01-29 07:04:55,0009,Open and Assign CM WO as Supervisor,Select WO,248,Response DD Extraction Failure,Response DD Extraction Failure,Open and Assign CM WO as Supervisor ID 3
2018-01-29 07:05:24,0009,Open and Assign CM WO as Supervisor,Select WO,249,Response DD Extraction Failure,Response DD Extraction Failure,Open and Assign CM WO as Supervisor ID 3
2018-01-29 07:05:56,0009,Open and Assign CM WO as Supervisor,Select WO,250,Response DD Extraction Failure,Response DD Extraction Failure,Open and Assign CM WO as Supervisor ID 3
2018-01-29 07:06:35,0009,Open and Assign CM WO as Supervisor,Select WO,251,Response DD Extraction Failure,Response DD Extraction Failure,Open and Assign CM WO as Supervisor ID 3
2018-01-29 07:07:07,0009,Open and Assign CM WO as Supervisor,Select WO,252,Response DD Extraction Failure,Response DD Extraction Failure,Open and Assign CM WO as Supervisor ID 3
2018-01-29 07:07:39,0009,Open and Assign CM WO as Supervisor,Select WO,253,Response DD Extraction Failure,Response DD Extraction Failure,Open and Assign CM WO as Supervisor ID 3
2018-01-29 07:08:17,0009,Open and Assign CM WO as Supervisor,Select WO,254,Response DD Extraction Failure,Response DD Extraction Failure,Open and Assign CM WO as Supervisor ID 3
2018-01-29 07:08:46,0009,Open and Assign CM WO as Supervisor,Select WO,255,Response DD Extraction Failure,Response DD Extraction Failure,Open and Assign CM WO as Supervisor ID 3
2018-01-29 07:09:15,0009,Open and Assign CM WO as Supervisor,Select WO,256,Response DD Extraction Failure,Response DD Extraction Failure,Open and Assign CM WO as Supervisor ID 3
2018-01-29 07:09:50,0009,Open and Assign CM WO as Supervisor,Select WO,257,Response DD Extraction Failure,Response DD Extraction Failure,Open and Assign CM WO as Supervisor ID 3
2018-01-29 07:10:25,0009,Open and Assign CM WO as Supervisor,Select WO,258,Response DD Extraction Failure,Response DD Extraction Failure,Open and Assign CM WO as Supervisor ID 3
2018-01-29 07:11:03,0009,Open and Assign CM WO as Supervisor,Select WO,259,Response DD Extraction Failure,Response DD Extraction Failure,Open and Assign CM WO as Supervisor ID 3
2018-01-29 07:11:45,0009,Open and Assign CM WO as Supervisor,Select WO,260,Response DD Extraction Failure,Response DD Extraction Failure,Open and Assign CM WO as Supervisor ID 3
2018-01-29 07:12:29,0009,Open and Assign CM WO as Supervisor,Select WO,261,Response DD Extraction Failure,Response DD Extraction Failure,Open and Assign CM WO as Supervisor ID 3
2018-01-29 07:13:04,0009,Open and Assign CM WO as Supervisor,Select WO,262,Response DD Extraction Failure,Response DD Extraction Failure,Open and Assign CM WO as Supervisor ID 3
2018-01-29 07:13:35,0009,Open and Assign CM WO as Supervisor,Select WO,263,Response DD Extraction Failure,Response DD Extraction Failure,Open and Assign CM WO as Supervisor ID 3
2018-01-29 07:14:10,0009,Open and Assign CM WO as Supervisor,Select WO,264,Response DD Extraction Failure,Response DD Extraction Failure,Open and Assign CM WO as Supervisor ID 3
2018-01-29 07:14:52,0009,Open and Assign CM WO as Supervisor,Select WO,265,Response DD Extraction Failure,Response DD Extraction Failure,Open and Assign CM WO as Supervisor ID 3
2018-01-29 07:15:31,0009,Open and Assign CM WO as Supervisor,Select WO,266,Response DD Extraction Failure,Response DD Extraction Failure,Open and Assign CM WO as Supervisor ID 3
2018-01-29 07:16:09,0009,Open and Assign CM WO as Supervisor,Select WO,267,Response DD Extraction Failure,Response DD Extraction Failure,Open and Assign CM WO as Supervisor ID 3
2018-01-29 07:16:50,0009,Open and Assign CM WO as Supervisor,Select WO,268,Response DD Extraction Failure,Response DD Extraction Failure,Open and Assign CM WO as Supervisor ID 3
2018-01-29 07:17:19,0009,Open and Assign CM WO as Supervisor,Select WO,269,Response DD Extraction Failure,Response DD Extraction Failure,Open and Assign CM WO as Supervisor ID 3
2018-01-29 07:17:57,0009,Open and Assign CM WO as Supervisor,Select WO,270,Response DD Extraction Failure,Response DD Extraction Failure,Open and Assign CM WO as Supervisor ID 3
2018-01-29 07:18:33,0009,Open and Assign CM WO as Supervisor,Select WO,271,Response DD Extraction Failure,Response DD Extraction Failure,Open and Assign CM WO as Supervisor ID 3
2018-01-29 07:19:04,0009,Open and Assign CM WO as Supervisor,Select WO,272,Response DD Extraction Failure,Response DD Extraction Failure,Open and Assign CM WO as Supervisor ID 3
2018-01-29 07:19:40,0009,Open and Assign CM WO as Supervisor,Select WO,273,Response DD Extraction Failure,Response DD Extraction Failure,Open and Assign CM WO as Supervisor ID 3
2018-01-29 07:20:16,0009,Open and Assign CM WO as Supervisor,Select WO,274,Response DD Extraction Failure,Response DD Extraction Failure,Open and Assign CM WO as Supervisor ID 3
2018-01-29 07:20:50,0009,Open and Assign CM WO as Supervisor,Select WO,275,Response DD Extraction Failure,Response DD Extraction Failure,Open and Assign CM WO as Supervisor ID 3
2018-01-29 07:21:23,0009,Open and Assign CM WO as Supervisor,Select WO,276,Response DD Extraction Failure,Response DD Extraction Failure,Open and Assign CM WO as Supervisor ID 3
2018-01-29 07:21:56,0009,Open and Assign CM WO as Supervisor,Select WO,277,Response DD Extraction Failure,Response DD Extraction Failure,Open and Assign CM WO as Supervisor ID 3
2018-01-29 07:22:27,0009,Open and Assign CM WO as Supervisor,Select WO,278,Response DD Extraction Failure,Response DD Extraction Failure,Open and Assign CM WO as Supervisor ID 3
2018-01-29 07:23:03,0009,Open and Assign CM WO as Supervisor,Select WO,279,Response DD Extraction Failure,Response DD Extraction Failure,Open and Assign CM WO as Supervisor ID 3
2018-01-29 07:23:37,0009,Open and Assign CM WO as Supervisor,Select WO,280,Response DD Extraction Failure,Response DD Extraction Failure,Open and Assign CM WO as Supervisor ID 3
2018-01-29 07:24:08,0009,Open and Assign CM WO as Supervisor,Select WO,281,Response DD Extraction Failure,Response DD Extraction Failure,Open and Assign CM WO as Supervisor ID 3
2018-01-29 07:24:44,0009,Open and Assign CM WO as Supervisor,Select WO,282,Response DD Extraction Failure,Response DD Extraction Failure,Open and Assign CM WO as Supervisor ID 3
2018-01-29 07:25:13,0009,Open and Assign CM WO as Supervisor,Select WO,283,Response DD Extraction Failure,Response DD Extraction Failure,Open and Assign CM WO as Supervisor ID 3
2018-01-29 07:25:49,0009,Open and Assign CM WO as Supervisor,Select WO,284,Response DD Extraction Failure,Response DD Extraction Failure,Open and Assign CM WO as Supervisor ID 3
2018-01-29 07:26:18,0009,Open and Assign CM WO as Supervisor,Select WO,285,Response DD Extraction Failure,Response DD Extraction Failure,Open and Assign CM WO as Supervisor ID 3
2018-01-29 07:26:59,0009,Open and Assign CM WO as Supervisor,Select WO,286,Response DD Extraction Failure,Response DD Extraction Failure,Open and Assign CM WO as Supervisor ID 3
2018-01-29 07:27:36,0009,Open and Assign CM WO as Supervisor,Select WO,287,Response DD Extraction Failure,Response DD Extraction Failure,Open and Assign CM WO as Supervisor ID 3
2018-01-29 07:28:03,0009,Open and Assign CM WO as Supervisor,Select WO,288,Response DD Extraction Failure,Response DD Extraction Failure,Open and Assign CM WO as Supervisor ID 3
2018-01-29 07:28:33,0009,Open and Assign CM WO as Supervisor,Select WO,289,Response DD Extraction Failure,Response DD Extraction Failure,Open and Assign CM WO as Supervisor ID 3
2018-01-29 07:29:16,0009,Open and Assign CM WO as Supervisor,Select WO,290,Response DD Extraction Failure,Response DD Extraction Failure,Open and Assign CM WO as Supervisor ID 3
2018-01-29 07:29:49,0009,Open and Assign CM WO as Supervisor,Select WO,291,Response DD Extraction Failure,Response DD Extraction Failure,Open and Assign CM WO as Supervisor ID 3
2018-01-29 07:30:18,0009,Open and Assign CM WO as Supervisor,Select WO,292,Response DD Extraction Failure,Response DD Extraction Failure,Open and Assign CM WO as Supervisor ID 3
2018-01-29 07:30:55,0009,Open and Assign CM WO as Supervisor,Select WO,293,Response DD Extraction Failure,Response DD Extraction Failure,Open and Assign CM WO as Supervisor ID 3
2018-01-29 07:31:38,0009,Open and Assign CM WO as Supervisor,Select WO,294,Response DD Extraction Failure,Response DD Extraction Failure,Open and Assign CM WO as Supervisor ID 3
2018-01-29 07:32:20,0009,Open and Assign CM WO as Supervisor,Select WO,295,Response DD Extraction Failure,Response DD Extraction Failure,Open and Assign CM WO as Supervisor ID 3
2018-01-29 07:32:54,0009,Open and Assign CM WO as Supervisor,Select WO,296,Response DD Extraction Failure,Response DD Extraction Failure,Open and Assign CM WO as Supervisor ID 3
2018-01-29 07:33:29,0009,Open and Assign CM WO as Supervisor,Select WO,297,Response DD Extraction Failure,Response DD Extraction Failure,Open and Assign CM WO as Supervisor ID 3
2018-01-29 07:34:11,0009,Open and Assign CM WO as Supervisor,Select WO,298,Response DD Extraction Failure,Response DD Extraction Failure,Open and Assign CM WO as Supervisor ID 3
2018-01-29 07:34:42,0009,Open and Assign CM WO as Supervisor,Select WO,299,Response DD Extraction Failure,Response DD Extraction Failure,Open and Assign CM WO as Supervisor ID 3
2018-01-29 07:35:14,0009,Open and Assign CM WO as Supervisor,Select WO,300,Response DD Extraction Failure,Response DD Extraction Failure,Open and Assign CM WO as Supervisor ID 3
2018-01-29 07:35:44,0009,Open and Assign CM WO as Supervisor,Select WO,301,Response DD Extraction Failure,Response DD Extraction Failure,Open and Assign CM WO as Supervisor ID 3
2018-01-29 07:36:12,0009,Open and Assign CM WO as Supervisor,Select WO,302,Response DD Extraction Failure,Response DD Extraction Failure,Open and Assign CM WO as Supervisor ID 3
2018-01-29 07:36:48,0009,Open and Assign CM WO as Supervisor,Select WO,303,Response DD Extraction Failure,Response DD Extraction Failure,Open and Assign CM WO as Supervisor ID 3
2018-01-29 07:37:21,0009,Open and Assign CM WO as Supervisor,Select WO,304,Response DD Extraction Failure,Response DD Extraction Failure,Open and Assign CM WO as Supervisor ID 3
2018-01-29 07:37:58,0009,Open and Assign CM WO as Supervisor,Select WO,305,Response DD Extraction Failure,Response DD Extraction Failure,Open and Assign CM WO as Supervisor ID 3
2018-01-29 07:38:26,0009,Open and Assign CM WO as Supervisor,Select WO,306,Response DD Extraction Failure,Response DD Extraction Failure,Open and Assign CM WO as Supervisor ID 3
2018-01-29 07:39:10,0009,Open and Assign CM WO as Supervisor,Select WO,307,Response DD Extraction Failure,Response DD Extraction Failure,Open and Assign CM WO as Supervisor ID 3
2018-01-29 07:39:43,0009,Open and Assign CM WO as Supervisor,Select WO,308,Response DD Extraction Failure,Response DD Extraction Failure,Open and Assign CM WO as Supervisor ID 3
2018-01-29 07:40:12,0009,Open and Assign CM WO as Supervisor,Select WO,309,Response DD Extraction Failure,Response DD Extraction Failure,Open and Assign CM WO as Supervisor ID 3
2018-01-29 07:40:47,0009,Open and Assign CM WO as Supervisor,Select WO,310,Response DD Extraction Failure,Response DD Extraction Failure,Open and Assign CM WO as Supervisor ID 3
2018-01-29 07:41:29,0009,Open and Assign CM WO as Supervisor,Select WO,311,Response DD Extraction Failure,Response DD Extraction Failure,Open and Assign CM WO as Supervisor ID 3
2018-01-29 07:42:06,0009,Open and Assign CM WO as Supervisor,Select WO,312,Response DD Extraction Failure,Response DD Extraction Failure,Open and Assign CM WO as Supervisor ID 3
2018-01-29 07:42:47,0009,Open and Assign CM WO as Supervisor,Select WO,313,Response DD Extraction Failure,Response DD Extraction Failure,Open and Assign CM WO as Supervisor ID 3
2018-01-29 07:43:16,0009,Open and Assign CM WO as Supervisor,Select WO,314,Response DD Extraction Failure,Response DD Extraction Failure,Open and Assign CM WO as Supervisor ID 3
2018-01-29 07:43:53,0009,Open and Assign CM WO as Supervisor,Select WO,315,Response DD Extraction Failure,Response DD Extraction Failure,Open and Assign CM WO as Supervisor ID 3
2018-01-29 07:44:31,0009,Open and Assign CM WO as Supervisor,Select WO,316,Response DD Extraction Failure,Response DD Extraction Failure,Open and Assign CM WO as Supervisor ID 3
2018-01-29 07:45:11,0009,Open and Assign CM WO as Supervisor,Select WO,317,Response DD Extraction Failure,Response DD Extraction Failure,Open and Assign CM WO as Supervisor ID 3
2018-01-29 07:45:42,0009,Open and Assign CM WO as Supervisor,Select WO,318,Response DD Extraction Failure,Response DD Extraction Failure,Open and Assign CM WO as Supervisor ID 3
2018-01-29 07:46:13,0009,Open and Assign CM WO as Supervisor,Select WO,319,Response DD Extraction Failure,Response DD Extraction Failure,Open and Assign CM WO as Supervisor ID 3
2018-01-29 07:46:52,0009,Open and Assign CM WO as Supervisor,Select WO,320,Response DD Extraction Failure,Response DD Extraction Failure,Open and Assign CM WO as Supervisor ID 3
2018-01-29 07:47:18,0009,Open and Assign CM WO as Supervisor,Select WO,321,Response DD Extraction Failure,Response DD Extraction Failure,Open and Assign CM WO as Supervisor ID 3
2018-01-29 07:47:52,0009,Open and Assign CM WO as Supervisor,Select WO,322,Response DD Extraction Failure,Response DD Extraction Failure,Open and Assign CM WO as Supervisor ID 3
2018-01-29 07:48:19,0009,Open and Assign CM WO as Supervisor,Select WO,323,Response DD Extraction Failure,Response DD Extraction Failure,Open and Assign CM WO as Supervisor ID 3
2018-01-29 07:48:53,0009,Open and Assign CM WO as Supervisor,Select WO,324,Response DD Extraction Failure,Response DD Extraction Failure,Open and Assign CM WO as Supervisor ID 3
2018-01-29 07:49:30,0009,Open and Assign CM WO as Supervisor,Select WO,325,Response DD Extraction Failure,Response DD Extraction Failure,Open and Assign CM WO as Supervisor ID 3
2018-01-29 07:50:03,0009,Open and Assign CM WO as Supervisor,Select WO,326,Response DD Extraction Failure,Response DD Extraction Failure,Open and Assign CM WO as Supervisor ID 3
2018-01-29 07:50:40,0009,Open and Assign CM WO as Supervisor,Select WO,327,Response DD Extraction Failure,Response DD Extraction Failure,Open and Assign CM WO as Supervisor ID 3
2018-01-29 07:51:11,0009,Open and Assign CM WO as Supervisor,Select WO,328,Response DD Extraction Failure,Response DD Extraction Failure,Open and Assign CM WO as Supervisor ID 3
2018-01-29 07:51:46,0009,Open and Assign CM WO as Supervisor,Select WO,329,Response DD Extraction Failure,Response DD Extraction Failure,Open and Assign CM WO as Supervisor ID 3
2018-01-29 07:52:15,0009,Open and Assign CM WO as Supervisor,Select WO,330,Response DD Extraction Failure,Response DD Extraction Failure,Open and Assign CM WO as Supervisor ID 3
2018-01-29 07:52:49,0009,Open and Assign CM WO as Supervisor,Select WO,331,Response DD Extraction Failure,Response DD Extraction Failure,Open and Assign CM WO as Supervisor ID 3
2018-01-29 07:53:26,0009,Open and Assign CM WO as Supervisor,Select WO,332,Response DD Extraction Failure,Response DD Extraction Failure,Open and Assign CM WO as Supervisor ID 3
2018-01-29 07:54:03,0009,Open and Assign CM WO as Supervisor,Select WO,333,Response DD Extraction Failure,Response DD Extraction Failure,Open and Assign CM WO as Supervisor ID 3
2018-01-29 07:54:43,0009,Open and Assign CM WO as Supervisor,Select WO,334,Response DD Extraction Failure,Response DD Extraction Failure,Open and Assign CM WO as Supervisor ID 3
2018-01-29 07:55:26,0009,Open and Assign CM WO as Supervisor,Select WO,335,Response DD Extraction Failure,Response DD Extraction Failure,Open and Assign CM WO as Supervisor ID 3
2018-01-29 07:56:06,0009,Open and Assign CM WO as Supervisor,Select WO,336,Response DD Extraction Failure,Response DD Extraction Failure,Open and Assign CM WO as Supervisor ID 3
2018-01-29 07:56:39,0009,Open and Assign CM WO as Supervisor,Select WO,337,Response DD Extraction Failure,Response DD Extraction Failure,Open and Assign CM WO as Supervisor ID 3
2018-01-29 07:57:20,0009,Open and Assign CM WO as Supervisor,Select WO,338,Response DD Extraction Failure,Response DD Extraction Failure,Open and Assign CM WO as Supervisor ID 3
2018-01-29 07:57:55,0009,Open and Assign CM WO as Supervisor,Select WO,339,Response DD Extraction Failure,Response DD Extraction Failure,Open and Assign CM WO as Supervisor ID 3
2018-01-29 07:58:33,0009,Open and Assign CM WO as Supervisor,Select WO,340,Response DD Extraction Failure,Response DD Extraction Failure,Open and Assign CM WO as Supervisor ID 3
2018-01-29 07:59:10,0009,Open and Assign CM WO as Supervisor,Select WO,341,Response DD Extraction Failure,Response DD Extraction Failure,Open and Assign CM WO as Supervisor ID 3
2018-01-29 07:59:43,0009,Open and Assign CM WO as Supervisor,Select WO,342,Response DD Extraction Failure,Response DD Extraction Failure,Open and Assign CM WO as Supervisor ID 3
2018-01-29 08:00:18,0009,Open and Assign CM WO as Supervisor,Select WO,343,Response DD Extraction Failure,Response DD Extraction Failure,Open and Assign CM WO as Supervisor ID 3
2018-01-29 08:00:52,0009,Open and Assign CM WO as Supervisor,Select WO,344,Response DD Extraction Failure,Response DD Extraction Failure,Open and Assign CM WO as Supervisor ID 3
2018-01-29 08:01:26,0009,Open and Assign CM WO as Supervisor,Select WO,345,Response DD Extraction Failure,Response DD Extraction Failure,Open and Assign CM WO as Supervisor ID 3
2018-01-29 08:01:53,0009,Open and Assign CM WO as Supervisor,Select WO,346,Response DD Extraction Failure,Response DD Extraction Failure,Open and Assign CM WO as Supervisor ID 3
2018-01-29 08:02:30,0009,Open and Assign CM WO as Supervisor,Select WO,347,Response DD Extraction Failure,Response DD Extraction Failure,Open and Assign CM WO as Supervisor ID 3
2018-01-29 08:03:08,0009,Open and Assign CM WO as Supervisor,Select WO,348,Response DD Extraction Failure,Response DD Extraction Failure,Open and Assign CM WO as Supervisor ID 3
2018-01-29 08:03:47,0009,Open and Assign CM WO as Supervisor,Select WO,349,Response DD Extraction Failure,Response DD Extraction Failure,Open and Assign CM WO as Supervisor ID 3
2018-01-29 08:04:18,0009,Open and Assign CM WO as Supervisor,Select WO,350,Response DD Extraction Failure,Response DD Extraction Failure,Open and Assign CM WO as Supervisor ID 3
2018-01-29 08:04:54,0009,Open and Assign CM WO as Supervisor,Select WO,351,Response DD Extraction Failure,Response DD Extraction Failure,Open and Assign CM WO as Supervisor ID 3
2018-01-29 08:05:24,0009,Open and Assign CM WO as Supervisor,Select WO,352,Response DD Extraction Failure,Response DD Extraction Failure,Open and Assign CM WO as Supervisor ID 3
2018-01-29 08:05:53,0009,Open and Assign CM WO as Supervisor,Select WO,353,Response DD Extraction Failure,Response DD Extraction Failure,Open and Assign CM WO as Supervisor ID 3
2018-01-29 08:06:32,0009,Open and Assign CM WO as Supervisor,Select WO,354,Response DD Extraction Failure,Response DD Extraction Failure,Open and Assign CM WO as Supervisor ID 3
2018-01-29 08:07:12,0009,Open and Assign CM WO as Supervisor,Select WO,355,Response DD Extraction Failure,Response DD Extraction Failure,Open and Assign CM WO as Supervisor ID 3
2018-01-29 08:07:50,0009,Open and Assign CM WO as Supervisor,Select WO,356,Response DD Extraction Failure,Response DD Extraction Failure,Open and Assign CM WO as Supervisor ID 3
2018-01-29 08:08:31,0009,Open and Assign CM WO as Supervisor,Select WO,357,Response DD Extraction Failure,Response DD Extraction Failure,Open and Assign CM WO as Supervisor ID 3
2018-01-29 08:09:09,0009,Open and Assign CM WO as Supervisor,Select WO,358,Response DD Extraction Failure,Response DD Extraction Failure,Open and Assign CM WO as Supervisor ID 3
2018-01-29 08:09:38,0009,Open and Assign CM WO as Supervisor,Select WO,359,Response DD Extraction Failure,Response DD Extraction Failure,Open and Assign CM WO as Supervisor ID 3
2018-01-29 08:10:15,0009,Open and Assign CM WO as Supervisor,Select WO,360,Response DD Extraction Failure,Response DD Extraction Failure,Open and Assign CM WO as Supervisor ID 3
2018-01-29 08:10:57,0009,Open and Assign CM WO as Supervisor,Select WO,361,Response DD Extraction Failure,Response DD Extraction Failure,Open and Assign CM WO as Supervisor ID 3
2018-01-29 08:11:30,0009,Open and Assign CM WO as Supervisor,Select WO,362,Response DD Extraction Failure,Response DD Extraction Failure,Open and Assign CM WO as Supervisor ID 3
2018-01-29 08:12:02,0009,Open and Assign CM WO as Supervisor,Select WO,363,Response DD Extraction Failure,Response DD Extraction Failure,Open and Assign CM WO as Supervisor ID 3
2018-01-29 08:12:29,0009,Open and Assign CM WO as Supervisor,Select WO,364,Response DD Extraction Failure,Response DD Extraction Failure,Open and Assign CM WO as Supervisor ID 3
2018-01-29 08:13:09,0009,Open and Assign CM WO as Supervisor,Select WO,365,Response DD Extraction Failure,Response DD Extraction Failure,Open and Assign CM WO as Supervisor ID 3
2018-01-29 08:13:43,0009,Open and Assign CM WO as Supervisor,Select WO,366,Response DD Extraction Failure,Response DD Extraction Failure,Open and Assign CM WO as Supervisor ID 3
2018-01-29 08:14:20,0009,Open and Assign CM WO as Supervisor,Select WO,367,Response DD Extraction Failure,Response DD Extraction Failure,Open and Assign CM WO as Supervisor ID 3
2018-01-29 08:14:53,0009,Open and Assign CM WO as Supervisor,Select WO,368,Response DD Extraction Failure,Response DD Extraction Failure,Open and Assign CM WO as Supervisor ID 3
2018-01-29 08:15:31,0009,Open and Assign CM WO as Supervisor,Select WO,369,Response DD Extraction Failure,Response DD Extraction Failure,Open and Assign CM WO as Supervisor ID 3
2018-01-29 08:16:01,0009,Open and Assign CM WO as Supervisor,Select WO,370,Response DD Extraction Failure,Response DD Extraction Failure,Open and Assign CM WO as Supervisor ID 3
2018-01-29 08:16:33,0009,Open and Assign CM WO as Supervisor,Select WO,371,Response DD Extraction Failure,Response DD Extraction Failure,Open and Assign CM WO as Supervisor ID 3
2018-01-29 08:17:03,0009,Open and Assign CM WO as Supervisor,Select WO,372,Response DD Extraction Failure,Response DD Extraction Failure,Open and Assign CM WO as Supervisor ID 3
2018-01-29 08:17:30,0009,Open and Assign CM WO as Supervisor,Select WO,373,Response DD Extraction Failure,Response DD Extraction Failure,Open and Assign CM WO as Supervisor ID 3
2018-01-29 08:18:11,0009,Open and Assign CM WO as Supervisor,Select WO,374,Response DD Extraction Failure,Response DD Extraction Failure,Open and Assign CM WO as Supervisor ID 3
2018-01-29 08:18:51,0009,Open and Assign CM WO as Supervisor,Select WO,375,Response DD Extraction Failure,Response DD Extraction Failure,Open and Assign CM WO as Supervisor ID 3
2018-01-29 08:19:27,0009,Open and Assign CM WO as Supervisor,Select WO,376,Response DD Extraction Failure,Response DD Extraction Failure,Open and Assign CM WO as Supervisor ID 3
2018-01-29 08:19:56,0009,Open and Assign CM WO as Supervisor,Select WO,377,Response DD Extraction Failure,Response DD Extraction Failure,Open and Assign CM WO as Supervisor ID 3
2018-01-29 08:20:36,0009,Open and Assign CM WO as Supervisor,Select WO,378,Response DD Extraction Failure,Response DD Extraction Failure,Open and Assign CM WO as Supervisor ID 3
2018-01-29 08:21:11,0009,Open and Assign CM WO as Supervisor,Select WO,379,Response DD Extraction Failure,Response DD Extraction Failure,Open and Assign CM WO as Supervisor ID 3
2018-01-29 08:21:49,0009,Open and Assign CM WO as Supervisor,Select WO,380,Response DD Extraction Failure,Response DD Extraction Failure,Open and Assign CM WO as Supervisor ID 3
2018-01-29 08:22:28,0009,Open and Assign CM WO as Supervisor,Select WO,381,Response DD Extraction Failure,Response DD Extraction Failure,Open and Assign CM WO as Supervisor ID 3
2018-01-29 08:23:05,0009,Open and Assign CM WO as Supervisor,Select WO,382,Response DD Extraction Failure,Response DD Extraction Failure,Open and Assign CM WO as Supervisor ID 3
2018-01-29 08:23:44,0009,Open and Assign CM WO as Supervisor,Select WO,383,Response DD Extraction Failure,Response DD Extraction Failure,Open and Assign CM WO as Supervisor ID 3
2018-01-29 08:24:22,0009,Open and Assign CM WO as Supervisor,Select WO,384,Response DD Extraction Failure,Response DD Extraction Failure,Open and Assign CM WO as Supervisor ID 3
2018-01-29 08:25:04,0009,Open and Assign CM WO as Supervisor,Select WO,385,Response DD Extraction Failure,Response DD Extraction Failure,Open and Assign CM WO as Supervisor ID 3
2018-01-29 08:25:46,0009,Open and Assign CM WO as Supervisor,Select WO,386,Response DD Extraction Failure,Response DD Extraction Failure,Open and Assign CM WO as Supervisor ID 3
2018-01-29 08:26:17,0009,Open and Assign CM WO as Supervisor,Select WO,387,Response DD Extraction Failure,Response DD Extraction Failure,Open and Assign CM WO as Supervisor ID 3
2018-01-29 08:26:54,0009,Open and Assign CM WO as Supervisor,Select WO,388,Response DD Extraction Failure,Response DD Extraction Failure,Open and Assign CM WO as Supervisor ID 3
2018-01-29 08:27:27,0009,Open and Assign CM WO as Supervisor,Select WO,389,Response DD Extraction Failure,Response DD Extraction Failure,Open and Assign CM WO as Supervisor ID 3
2018-01-29 08:28:09,0009,Open and Assign CM WO as Supervisor,Select WO,390,Response DD Extraction Failure,Response DD Extraction Failure,Open and Assign CM WO as Supervisor ID 3
2018-01-29 08:28:49,0009,Open and Assign CM WO as Supervisor,Select WO,391,Response DD Extraction Failure,Response DD Extraction Failure,Open and Assign CM WO as Supervisor ID 3
2018-01-29 08:29:26,0009,Open and Assign CM WO as Supervisor,Select WO,392,Response DD Extraction Failure,Response DD Extraction Failure,Open and Assign CM WO as Supervisor ID 3
2018-01-29 08:29:58,0009,Open and Assign CM WO as Supervisor,Select WO,393,Response DD Extraction Failure,Response DD Extraction Failure,Open and Assign CM WO as Supervisor ID 3
2018-01-29 08:30:29,0009,Open and Assign CM WO as Supervisor,Select WO,394,Response DD Extraction Failure,Response DD Extraction Failure,Open and Assign CM WO as Supervisor ID 3
2018-01-29 08:31:00,0009,Open and Assign CM WO as Supervisor,Select WO,395,Response DD Extraction Failure,Response DD Extraction Failure,Open and Assign CM WO as Supervisor ID 3
2018-01-29 08:31:31,0009,Open and Assign CM WO as Supervisor,Select WO,396,Response DD Extraction Failure,Response DD Extraction Failure,Open and Assign CM WO as Supervisor ID 3
2018-01-29 08:32:13,0009,Open and Assign CM WO as Supervisor,Select WO,397,Response DD Extraction Failure,Response DD Extraction Failure,Open and Assign CM WO as Supervisor ID 3
2018-01-29 08:32:51,0009,Open and Assign CM WO as Supervisor,Select WO,398,Response DD Extraction Failure,Response DD Extraction Failure,Open and Assign CM WO as Supervisor ID 3
2018-01-29 08:33:33,0009,Open and Assign CM WO as Supervisor,Select WO,399,Response DD Extraction Failure,Response DD Extraction Failure,Open and Assign CM WO as Supervisor ID 3
2018-01-29 08:34:17,0009,Open and Assign CM WO as Supervisor,Select WO,400,Response DD Extraction Failure,Response DD Extraction Failure,Open and Assign CM WO as Supervisor ID 3
2018-01-29 08:34:48,0009,Open and Assign CM WO as Supervisor,Select WO,401,Response DD Extraction Failure,Response DD Extraction Failure,Open and Assign CM WO as Supervisor ID 3
2018-01-29 08:35:26,0009,Open and Assign CM WO as Supervisor,Select WO,402,Response DD Extraction Failure,Response DD Extraction Failure,Open and Assign CM WO as Supervisor ID 3
2018-01-29 08:36:00,0009,Open and Assign CM WO as Supervisor,Select WO,403,Response DD Extraction Failure,Response DD Extraction Failure,Open and Assign CM WO as Supervisor ID 3
2018-01-29 08:36:31,0009,Open and Assign CM WO as Supervisor,Select WO,404,Response DD Extraction Failure,Response DD Extraction Failure,Open and Assign CM WO as Supervisor ID 3
2018-01-29 08:37:30,0009,Open and Assign CM WO as Supervisor,Select WO,405,Response DD Extraction Failure,Response DD Extraction Failure,Open and Assign CM WO as Supervisor ID 3
2018-01-29 08:37:59,0009,Open and Assign CM WO as Supervisor,Select WO,406,Response DD Extraction Failure,Response DD Extraction Failure,Open and Assign CM WO as Supervisor ID 3
2018-01-29 08:38:37,0009,Open and Assign CM WO as Supervisor,Select WO,407,Response DD Extraction Failure,Response DD Extraction Failure,Open and Assign CM WO as Supervisor ID 3
2018-01-29 08:39:04,0009,Open and Assign CM WO as Supervisor,Select WO,408,Response DD Extraction Failure,Response DD Extraction Failure,Open and Assign CM WO as Supervisor ID 3
2018-01-29 08:39:42,0009,Open and Assign CM WO as Supervisor,Select WO,409,Response DD Extraction Failure,Response DD Extraction Failure,Open and Assign CM WO as Supervisor ID 3
2018-01-29 08:40:19,0009,Open and Assign CM WO as Supervisor,Select WO,410,Response DD Extraction Failure,Response DD Extraction Failure,Open and Assign CM WO as Supervisor ID 3
2018-01-29 08:40:59,0009,Open and Assign CM WO as Supervisor,Select WO,411,Response DD Extraction Failure,Response DD Extraction Failure,Open and Assign CM WO as Supervisor ID 3
2018-01-29 08:41:37,0009,Open and Assign CM WO as Supervisor,Select WO,412,Response DD Extraction Failure,Response DD Extraction Failure,Open and Assign CM WO as Supervisor ID 3
2018-01-29 08:42:06,0009,Open and Assign CM WO as Supervisor,Select WO,413,Response DD Extraction Failure,Response DD Extraction Failure,Open and Assign CM WO as Supervisor ID 3
2018-01-29 08:42:43,0009,Open and Assign CM WO as Supervisor,Select WO,414,Response DD Extraction Failure,Response DD Extraction Failure,Open and Assign CM WO as Supervisor ID 3
2018-01-29 08:43:26,0009,Open and Assign CM WO as Supervisor,Select WO,415,Response DD Extraction Failure,Response DD Extraction Failure,Open and Assign CM WO as Supervisor ID 3
2018-01-29 08:44:02,0009,Open and Assign CM WO as Supervisor,Select WO,416,Response DD Extraction Failure,Response DD Extraction Failure,Open and Assign CM WO as Supervisor ID 3
2018-01-29 08:44:45,0009,Open and Assign CM WO as Supervisor,Select WO,417,Response DD Extraction Failure,Response DD Extraction Failure,Open and Assign CM WO as Supervisor ID 3
2018-01-29 08:45:27,0009,Open and Assign CM WO as Supervisor,Select WO,418,Response DD Extraction Failure,Response DD Extraction Failure,Open and Assign CM WO as Supervisor ID 3
2018-01-29 08:46:09,0009,Open and Assign CM WO as Supervisor,Select WO,419,Response DD Extraction Failure,Response DD Extraction Failure,Open and Assign CM WO as Supervisor ID 3
2018-01-29 08:46:38,0009,Open and Assign CM WO as Supervisor,Select WO,420,Response DD Extraction Failure,Response DD Extraction Failure,Open and Assign CM WO as Supervisor ID 3
2018-01-29 08:47:15,0009,Open and Assign CM WO as Supervisor,Select WO,421,Response DD Extraction Failure,Response DD Extraction Failure,Open and Assign CM WO as Supervisor ID 3
2018-01-29 08:47:53,0009,Open and Assign CM WO as Supervisor,Select WO,422,Response DD Extraction Failure,Response DD Extraction Failure,Open and Assign CM WO as Supervisor ID 3
2018-01-29 08:48:34,0009,Open and Assign CM WO as Supervisor,Select WO,423,Response DD Extraction Failure,Response DD Extraction Failure,Open and Assign CM WO as Supervisor ID 3
2018-01-29 08:49:10,0009,Open and Assign CM WO as Supervisor,Select WO,424,Response DD Extraction Failure,Response DD Extraction Failure,Open and Assign CM WO as Supervisor ID 3
2018-01-29 08:49:50,0009,Open and Assign CM WO as Supervisor,Select WO,425,Response DD Extraction Failure,Response DD Extraction Failure,Open and Assign CM WO as Supervisor ID 3
2018-01-29 08:50:19,0009,Open and Assign CM WO as Supervisor,Select WO,426,Response DD Extraction Failure,Response DD Extraction Failure,Open and Assign CM WO as Supervisor ID 3
2018-01-29 08:50:51,0009,Open and Assign CM WO as Supervisor,Select WO,427,Response DD Extraction Failure,Response DD Extraction Failure,Open and Assign CM WO as Supervisor ID 3
2018-01-29 08:51:22,0009,Open and Assign CM WO as Supervisor,Select WO,428,Response DD Extraction Failure,Response DD Extraction Failure,Open and Assign CM WO as Supervisor ID 3
2018-01-29 08:52:00,0009,Open and Assign CM WO as Supervisor,Select WO,429,Response DD Extraction Failure,Response DD Extraction Failure,Open and Assign CM WO as Supervisor ID 3
2018-01-29 08:52:33,0009,Open and Assign CM WO as Supervisor,Select WO,430,Response DD Extraction Failure,Response DD Extraction Failure,Open and Assign CM WO as Supervisor ID 3
2018-01-29 08:53:08,0009,Open and Assign CM WO as Supervisor,Select WO,431,Response DD Extraction Failure,Response DD Extraction Failure,Open and Assign CM WO as Supervisor ID 3
2018-01-29 08:53:42,0009,Open and Assign CM WO as Supervisor,Select WO,432,Response DD Extraction Failure,Response DD Extraction Failure,Open and Assign CM WO as Supervisor ID 3
2018-01-29 08:54:23,0009,Open and Assign CM WO as Supervisor,Select WO,433,Response DD Extraction Failure,Response DD Extraction Failure,Open and Assign CM WO as Supervisor ID 3
2018-01-29 08:55:02,0009,Open and Assign CM WO as Supervisor,Select WO,434,Response DD Extraction Failure,Response DD Extraction Failure,Open and Assign CM WO as Supervisor ID 3
2018-01-29 08:55:44,0009,Open and Assign CM WO as Supervisor,Select WO,435,Response DD Extraction Failure,Response DD Extraction Failure,Open and Assign CM WO as Supervisor ID 3
2018-01-29 08:56:18,0009,Open and Assign CM WO as Supervisor,Select WO,436,Response DD Extraction Failure,Response DD Extraction Failure,Open and Assign CM WO as Supervisor ID 3
2018-01-29 08:57:01,0009,Open and Assign CM WO as Supervisor,Select WO,437,Response DD Extraction Failure,Response DD Extraction Failure,Open and Assign CM WO as Supervisor ID 3
2018-01-29 08:57:39,0009,Open and Assign CM WO as Supervisor,Select WO,438,Response DD Extraction Failure,Response DD Extraction Failure,Open and Assign CM WO as Supervisor ID 3
2018-01-29 08:58:13,0009,Open and Assign CM WO as Supervisor,Select WO,439,Response DD Extraction Failure,Response DD Extraction Failure,Open and Assign CM WO as Supervisor ID 3
2018-01-29 08:58:54,0009,Open and Assign CM WO as Supervisor,Select WO,440,Response DD Extraction Failure,Response DD Extraction Failure,Open and Assign CM WO as Supervisor ID 3
2018-01-29 08:59:28,0009,Open and Assign CM WO as Supervisor,Select WO,441,Response DD Extraction Failure,Response DD Extraction Failure,Open and Assign CM WO as Supervisor ID 3
2018-01-29 08:59:56,0009,Open and Assign CM WO as Supervisor,Select WO,442,Response DD Extraction Failure,Response DD Extraction Failure,Open and Assign CM WO as Supervisor ID 3
2018-01-29 09:00:32,0009,Open and Assign CM WO as Supervisor,Select WO,443,Response DD Extraction Failure,Response DD Extraction Failure,Open and Assign CM WO as Supervisor ID 3
2018-01-29 09:01:10,0009,Open and Assign CM WO as Supervisor,Select WO,444,Response DD Extraction Failure,Response DD Extraction Failure,Open and Assign CM WO as Supervisor ID 3
2018-01-29 09:01:46,0009,Open and Assign CM WO as Supervisor,Select WO,445,Response DD Extraction Failure,Response DD Extraction Failure,Open and Assign CM WO as Supervisor ID 3
2018-01-29 09:02:18,0009,Open and Assign CM WO as Supervisor,Select WO,446,Response DD Extraction Failure,Response DD Extraction Failure,Open and Assign CM WO as Supervisor ID 3
2018-01-29 09:02:50,0009,Open and Assign CM WO as Supervisor,Select WO,447,Response DD Extraction Failure,Response DD Extraction Failure,Open and Assign CM WO as Supervisor ID 3
2018-01-29 09:03:19,0009,Open and Assign CM WO as Supervisor,Select WO,448,Response DD Extraction Failure,Response DD Extraction Failure,Open and Assign CM WO as Supervisor ID 3
2018-01-29 09:03:45,0009,Open and Assign CM WO as Supervisor,Select WO,449,Response DD Extraction Failure,Response DD Extraction Failure,Open and Assign CM WO as Supervisor ID 3
2018-01-29 09:04:28,0009,Open and Assign CM WO as Supervisor,Select WO,450,Response DD Extraction Failure,Response DD Extraction Failure,Open and Assign CM WO as Supervisor ID 3
2018-01-29 09:05:01,0009,Open and Assign CM WO as Supervisor,Select WO,451,Response DD Extraction Failure,Response DD Extraction Failure,Open and Assign CM WO as Supervisor ID 3
2018-01-29 09:05:30,0009,Open and Assign CM WO as Supervisor,Select WO,452,Response DD Extraction Failure,Response DD Extraction Failure,Open and Assign CM WO as Supervisor ID 3
2018-01-29 09:06:03,0009,Open and Assign CM WO as Supervisor,Select WO,453,Response DD Extraction Failure,Response DD Extraction Failure,Open and Assign CM WO as Supervisor ID 3
2018-01-29 09:06:35,0009,Open and Assign CM WO as Supervisor,Select WO,454,Response DD Extraction Failure,Response DD Extraction Failure,Open and Assign CM WO as Supervisor ID 3
2018-01-29 09:07:14,0009,Open and Assign CM WO as Supervisor,Select WO,455,Response DD Extraction Failure,Response DD Extraction Failure,Open and Assign CM WO as Supervisor ID 3
2018-01-29 09:07:41,0009,Open and Assign CM WO as Supervisor,Select WO,456,Response DD Extraction Failure,Response DD Extraction Failure,Open and Assign CM WO as Supervisor ID 3
2018-01-29 09:08:10,0009,Open and Assign CM WO as Supervisor,Select WO,457,Response DD Extraction Failure,Response DD Extraction Failure,Open and Assign CM WO as Supervisor ID 3
2018-01-29 09:08:49,0009,Open and Assign CM WO as Supervisor,Select WO,458,Response DD Extraction Failure,Response DD Extraction Failure,Open and Assign CM WO as Supervisor ID 3
2018-01-29 09:09:25,0009,Open and Assign CM WO as Supervisor,Select WO,459,Response DD Extraction Failure,Response DD Extraction Failure,Open and Assign CM WO as Supervisor ID 3
2018-01-29 09:09:58,0009,Open and Assign CM WO as Supervisor,Select WO,460,Response DD Extraction Failure,Response DD Extraction Failure,Open and Assign CM WO as Supervisor ID 3
2018-01-29 09:10:34,0009,Open and Assign CM WO as Supervisor,Select WO,461,Response DD Extraction Failure,Response DD Extraction Failure,Open and Assign CM WO as Supervisor ID 3
2018-01-29 09:11:04,0009,Open and Assign CM WO as Supervisor,Select WO,462,Response DD Extraction Failure,Response DD Extraction Failure,Open and Assign CM WO as Supervisor ID 3
2018-01-29 09:11:38,0009,Open and Assign CM WO as Supervisor,Select WO,463,Response DD Extraction Failure,Response DD Extraction Failure,Open and Assign CM WO as Supervisor ID 3
2018-01-29 09:12:12,0009,Open and Assign CM WO as Supervisor,Select WO,464,Response DD Extraction Failure,Response DD Extraction Failure,Open and Assign CM WO as Supervisor ID 3
2018-01-29 09:12:47,0009,Open and Assign CM WO as Supervisor,Select WO,465,Response DD Extraction Failure,Response DD Extraction Failure,Open and Assign CM WO as Supervisor ID 3
2018-01-29 09:13:19,0009,Open and Assign CM WO as Supervisor,Select WO,466,Response DD Extraction Failure,Response DD Extraction Failure,Open and Assign CM WO as Supervisor ID 3
2018-01-29 09:13:52,0009,Open and Assign CM WO as Supervisor,Select WO,467,Response DD Extraction Failure,Response DD Extraction Failure,Open and Assign CM WO as Supervisor ID 3
2018-01-29 09:14:25,0009,Open and Assign CM WO as Supervisor,Select WO,468,Response DD Extraction Failure,Response DD Extraction Failure,Open and Assign CM WO as Supervisor ID 3
2018-01-29 09:15:02,0009,Open and Assign CM WO as Supervisor,Select WO,469,Response DD Extraction Failure,Response DD Extraction Failure,Open and Assign CM WO as Supervisor ID 3
2018-01-29 09:15:41,0009,Open and Assign CM WO as Supervisor,Select WO,470,Response DD Extraction Failure,Response DD Extraction Failure,Open and Assign CM WO as Supervisor ID 3
2018-01-29 09:16:21,0009,Open and Assign CM WO as Supervisor,Select WO,471,Response DD Extraction Failure,Response DD Extraction Failure,Open and Assign CM WO as Supervisor ID 3
2018-01-29 09:16:57,0009,Open and Assign CM WO as Supervisor,Select WO,472,Response DD Extraction Failure,Response DD Extraction Failure,Open and Assign CM WO as Supervisor ID 3
2018-01-29 09:17:30,0009,Open and Assign CM WO as Supervisor,Select WO,473,Response DD Extraction Failure,Response DD Extraction Failure,Open and Assign CM WO as Supervisor ID 3
2018-01-29 09:18:07,0009,Open and Assign CM WO as Supervisor,Select WO,474,Response DD Extraction Failure,Response DD Extraction Failure,Open and Assign CM WO as Supervisor ID 3
2018-01-29 09:18:36,0009,Open and Assign CM WO as Supervisor,Select WO,475,Response DD Extraction Failure,Response DD Extraction Failure,Open and Assign CM WO as Supervisor ID 3
2018-01-29 09:19:16,0009,Open and Assign CM WO as Supervisor,Select WO,476,Response DD Extraction Failure,Response DD Extraction Failure,Open and Assign CM WO as Supervisor ID 3
2018-01-29 09:19:45,0009,Open and Assign CM WO as Supervisor,Select WO,477,Response DD Extraction Failure,Response DD Extraction Failure,Open and Assign CM WO as Supervisor ID 3
2018-01-29 09:20:16,0009,Open and Assign CM WO as Supervisor,Select WO,478,Response DD Extraction Failure,Response DD Extraction Failure,Open and Assign CM WO as Supervisor ID 3
2018-01-29 09:20:57,0009,Open and Assign CM WO as Supervisor,Select WO,479,Response DD Extraction Failure,Response DD Extraction Failure,Open and Assign CM WO as Supervisor ID 3
2018-01-29 09:21:31,0009,Open and Assign CM WO as Supervisor,Select WO,480,Response DD Extraction Failure,Response DD Extraction Failure,Open and Assign CM WO as Supervisor ID 3
2018-01-29 09:22:09,0009,Open and Assign CM WO as Supervisor,Select WO,481,Response DD Extraction Failure,Response DD Extraction Failure,Open and Assign CM WO as Supervisor ID 3
2018-01-29 09:22:48,0009,Open and Assign CM WO as Supervisor,Select WO,482,Response DD Extraction Failure,Response DD Extraction Failure,Open and Assign CM WO as Supervisor ID 3
2018-01-29 09:23:28,0009,Open and Assign CM WO as Supervisor,Select WO,483,Response DD Extraction Failure,Response DD Extraction Failure,Open and Assign CM WO as Supervisor ID 3
2018-01-29 09:24:02,0009,Open and Assign CM WO as Supervisor,Select WO,484,Response DD Extraction Failure,Response DD Extraction Failure,Open and Assign CM WO as Supervisor ID 3
2018-01-29 09:24:30,0009,Open and Assign CM WO as Supervisor,Select WO,485,Response DD Extraction Failure,Response DD Extraction Failure,Open and Assign CM WO as Supervisor ID 3
2018-01-29 09:25:06,0009,Open and Assign CM WO as Supervisor,Select WO,486,Response DD Extraction Failure,Response DD Extraction Failure,Open and Assign CM WO as Supervisor ID 3
2018-01-29 09:25:44,0009,Open and Assign CM WO as Supervisor,Select WO,487,Response DD Extraction Failure,Response DD Extraction Failure,Open and Assign CM WO as Supervisor ID 3
2018-01-29 09:26:24,0009,Open and Assign CM WO as Supervisor,Select WO,488,Response DD Extraction Failure,Response DD Extraction Failure,Open and Assign CM WO as Supervisor ID 3
2018-01-29 09:26:52,0009,Open and Assign CM WO as Supervisor,Select WO,489,Response DD Extraction Failure,Response DD Extraction Failure,Open and Assign CM WO as Supervisor ID 3
2018-01-29 09:27:22,0009,Open and Assign CM WO as Supervisor,Select WO,490,Response DD Extraction Failure,Response DD Extraction Failure,Open and Assign CM WO as Supervisor ID 3
2018-01-29 09:27:55,0009,Open and Assign CM WO as Supervisor,Select WO,491,Response DD Extraction Failure,Response DD Extraction Failure,Open and Assign CM WO as Supervisor ID 3
2018-01-29 09:28:30,0009,Open and Assign CM WO as Supervisor,Select WO,492,Response DD Extraction Failure,Response DD Extraction Failure,Open and Assign CM WO as Supervisor ID 3
2018-01-29 09:29:09,0009,Open and Assign CM WO as Supervisor,Select WO,493,Response DD Extraction Failure,Response DD Extraction Failure,Open and Assign CM WO as Supervisor ID 3
2018-01-29 09:29:42,0009,Open and Assign CM WO as Supervisor,Select WO,494,Response DD Extraction Failure,Response DD Extraction Failure,Open and Assign CM WO as Supervisor ID 3
2018-01-29 09:30:21,0009,Open and Assign CM WO as Supervisor,Select WO,495,Response DD Extraction Failure,Response DD Extraction Failure,Open and Assign CM WO as Supervisor ID 3
2018-01-29 09:30:55,0009,Open and Assign CM WO as Supervisor,Select WO,496,Response DD Extraction Failure,Response DD Extraction Failure,Open and Assign CM WO as Supervisor ID 3
2018-01-29 09:31:33,0009,Open and Assign CM WO as Supervisor,Select WO,497,Response DD Extraction Failure,Response DD Extraction Failure,Open and Assign CM WO as Supervisor ID 3
2018-01-29 09:32:14,0009,Open and Assign CM WO as Supervisor,Select WO,498,Response DD Extraction Failure,Response DD Extraction Failure,Open and Assign CM WO as Supervisor ID 3
2018-01-29 09:32:44,0009,Open and Assign CM WO as Supervisor,Select WO,499,Response DD Extraction Failure,Response DD Extraction Failure,Open and Assign CM WO as Supervisor ID 3
2018-01-29 09:33:24,0009,Open and Assign CM WO as Supervisor,Select WO,500,Response DD Extraction Failure,Response DD Extraction Failure,Open and Assign CM WO as Supervisor ID 3
2018-01-29 09:33:56,0009,Open and Assign CM WO as Supervisor,Select WO,501,Response DD Extraction Failure,Response DD Extraction Failure,Open and Assign CM WO as Supervisor ID 3
2018-01-29 09:34:32,0009,Open and Assign CM WO as Supervisor,Select WO,502,Response DD Extraction Failure,Response DD Extraction Failure,Open and Assign CM WO as Supervisor ID 3
2018-01-29 09:35:09,0009,Open and Assign CM WO as Supervisor,Select WO,503,Response DD Extraction Failure,Response DD Extraction Failure,Open and Assign CM WO as Supervisor ID 3
2018-01-29 09:35:48,0009,Open and Assign CM WO as Supervisor,Select WO,504,Response DD Extraction Failure,Response DD Extraction Failure,Open and Assign CM WO as Supervisor ID 3
2018-01-29 09:36:28,0009,Open and Assign CM WO as Supervisor,Select WO,505,Response DD Extraction Failure,Response DD Extraction Failure,Open and Assign CM WO as Supervisor ID 3
2018-01-29 09:37:04,0009,Open and Assign CM WO as Supervisor,Select WO,506,Response DD Extraction Failure,Response DD Extraction Failure,Open and Assign CM WO as Supervisor ID 3
2018-01-29 09:37:32,0009,Open and Assign CM WO as Supervisor,Select WO,507,Response DD Extraction Failure,Response DD Extraction Failure,Open and Assign CM WO as Supervisor ID 3
2018-01-29 09:38:02,0009,Open and Assign CM WO as Supervisor,Select WO,508,Response DD Extraction Failure,Response DD Extraction Failure,Open and Assign CM WO as Supervisor ID 3
2018-01-29 09:38:39,0009,Open and Assign CM WO as Supervisor,Select WO,509,Response DD Extraction Failure,Response DD Extraction Failure,Open and Assign CM WO as Supervisor ID 3
2018-01-29 09:39:14,0009,Open and Assign CM WO as Supervisor,Select WO,510,Response DD Extraction Failure,Response DD Extraction Failure,Open and Assign CM WO as Supervisor ID 3
2018-01-29 09:39:51,0009,Open and Assign CM WO as Supervisor,Select WO,511,Response DD Extraction Failure,Response DD Extraction Failure,Open and Assign CM WO as Supervisor ID 3
2018-01-29 09:40:21,0009,Open and Assign CM WO as Supervisor,Select WO,512,Response DD Extraction Failure,Response DD Extraction Failure,Open and Assign CM WO as Supervisor ID 3
2018-01-29 09:41:00,0009,Open and Assign CM WO as Supervisor,Select WO,513,Response DD Extraction Failure,Response DD Extraction Failure,Open and Assign CM WO as Supervisor ID 3
2018-01-29 09:41:26,0009,Open and Assign CM WO as Supervisor,Select WO,514,Response DD Extraction Failure,Response DD Extraction Failure,Open and Assign CM WO as Supervisor ID 3
2018-01-29 09:42:08,0009,Open and Assign CM WO as Supervisor,Select WO,515,Response DD Extraction Failure,Response DD Extraction Failure,Open and Assign CM WO as Supervisor ID 3
2018-01-29 09:42:35,0009,Open and Assign CM WO as Supervisor,Select WO,516,Response DD Extraction Failure,Response DD Extraction Failure,Open and Assign CM WO as Supervisor ID 3
